3 , MEXICO , null
4 , GERMANY , null
5 , UNITED KINGDOM , null
1751 , TURKEY , null
1752 , ITALY , null
18901 , FRANCE , null
18902 , Hollanda , null
18904 , Almanya , null
18907 , Yunanistan , null
18908 , Yozgat , null
18909 , Belgium , null
18910 , Denmark , null
18911 , Belgium , null
18912 , Denmark , null
18913 , Yozgat , null
18914 , Yozgat , null
18915 , Belgium , null
18916 , Denmark , null
18917 , Belgium , null
18918 , Denmark , null
18919 , Belgium , null
18920 , Denmark , null
18921 , Belgium , null
18922 , Belgium , null
18923 , Belgium , null
18924 , Belgium , null
18925 , Belgium , null
18927 , Belgium , null
18928 , Denmark , null
18929 , Belgium , null
18931 , null , null
18932 , ALBANIA , null
18936 , null , null
18937 , Ivery Coast , null
18938 , Mexico , null
18940 , France , null
18941 , Finlandiya , null
18944 , Iceland , null
18945 , Gana , null
18946 , Japan , null
18947 , Poland , null
18948 , PAPUAYENIGINE , null
18949 , MADAGASKAR , null
18950 , ARGENTINA , null
22302 , DOMINIC , null
22303 , Phillipines , null
22304 , New Mexico , null
22306 , Phillipines , null
22307 , New Mexico , null
22309 , Phillipines , null
22310 , New Mexico , null
22311 , Cuba , null
22312 , Himalaya , null
22313 , Poland , null
22314 , HIMALAYALAYA , null
22315 , DOMINIC , null
22316 , Poland , null
22317 , Poland , null
22318 , HIMALAYALAYA , null
22319 , DOMINIC , null
22320 , South Korea , null
22321 , South Korea , null
22322 , South Korea , null
22323 , South Korea , null
22324 , ulkesiz , null
22325 , Sudan , null
22326 , Sudan , null
22327 , Poland , null
22328 , Russland , null
22329 , Russland , null
22330 , Russland , null
22331 , Russland , null
22332 , Sweden , null
22333 , Sweden , null
22334 , Scottland , null
22335 , Phillipines , null
22336 , New Mexico , null
22337 , Cuba , null
22338 , Himalaya , null
22339 , Porto Rico , null
22340 , Scottland , null
22341 , KENYA , null
22342 , KENYA , null
22343 , KENYA , null
22346 , KENYA , null
22347 , KENYA , null
22348 , KENYA , null
22349 , KENYA , null
22350 , KENYA , null
24101 , FRANCE , null
24102 , FRANCE , null
24103 , FRANCE , null
24104 , FRANCE , null
24105 , FRANCE , null
24106 , FRANCE , null
24107 , FRANCE , null
24108 , FRANCE , null
24109 , DOMINIC , null
24110 , ANGOLA , null
24111 , ANGOLA , null
24112 , ANGOLA , null
24113 , ANGOLA , null
24114 , ANGOLA , null
24115 , ANGOLA , null
24116 , Poland , null
24117 , Poland , null
24118 , Poland , null
24119 , Poland , null
24120 , Poland , null
24121 , ANGOLA , null
24122 , ANGOLA , null
24123 , ANGOLA , null
24124 , Poland , null
24125 , Poland , null
24126 , Poland , null
24127 , ANGOLA , null
24128 , ANGOLA , null
24129 , ANGOLA , null
24130 , ANGOLA , null
24131 , ANGOLA , null
24132 , ANGOLA , null
24133 , ANGOLA , null
24134 , ANGOLA , null
24135 , ANGOLA , null
24136 , ANGOLA , null
24137 , ANGOLA , null
24138 , ANGOLA , null
24139 , FRANCE , null
24140 , FRANCE , null
24141 , Poland , null
24142 , FRANCE , null
24143 , FRANCE , null
24144 , FRANCE , null
24145 , FRANCE , null
24146 , Poland , null
24147 , Poland , null
24148 , Poland , null
24149 , Poland , null
24150 , Poland , null
24351 , Poland , null
24352 , Poland , null
24353 , Poland , null
24354 , Poland , null
24355 , Poland , null
24356 , Poland , null
24357 , Poland , null
24358 , Kuzey Kore , null
127 , Ghana , null
567 , Ghana , null
24359 , Kuzey Kore , null
24360 , Kuzey Kore , null
24361 , Kuzey Kore , null
24362 , Kuzey Kore , null
24363 , Kuzey Kore , null
24364 , FRANCE , null
24365 , FRANCE , null
24366 , Porto Rico , null
24367 , FRANCE , null
24368 , FRANCE , null
24369 , FRANCE , null
24370 , FRANCE , null
24371 , ANGOLA , null
24372 , ANGOLA , null
24373 , ANGOLA , null
24374 , Porto Rico , null
24375 , Porto Rico , null
24376 , China , null
24377 , Malta , null
24378 , Malta , null
24379 , Malta , null
24380 , Malta , null
18903 , Tours , null
18906 , Norwegan , null
1 , TR , null
2 , BEL , null
24381 , Malta , null
24382 , Malta , null
24383 , Malta , null
24384 , Malta , null
24385 , Malta , null
24386 , Malta , null
24387 , Malta , null
24388 , Malta , null
24389 , Mongolia , null
24390 , Mongolia , null
24391 , Mongolia , null
24392 , JAPONYA , null
24394 , Kore , null
24393 , NEW_GINE , null
24395 , BELGIUM , null
24396 , NEDERLANDS , null
24397 , GREECE , null
24399 , SWITZERLAND , null
24400 , DEUTSCHLAND , null
24401 , NewCountry , null
24402 , NewCountry , null
25551 , FRANCE , null
25552 , FRANCE , null
25553 , FRANCE , null
25554 , FRANCE , null
25555 , MAKEDONYA , null
25556 , Ireland , null
25557 , Belgium , null
25558 , Belgium , null
25559 , Belgium , null
25560 , Belgium , null
25563 , DEUTSCHLAND , null
25564 , Scottland , null
25565 , Scottland , null
25566 , Malta , null
25567 , Malta , null
25568 , Malta , null
25569 , Belgium , null
25570 , VAN , null
25571 , Scottland , null
25572 , VAN , null
25573 , VAN , null
25574 , VAN , null
25575 , VAN , null
25576 , VAN , null
25577 , VAN , null
25578 , Andorra , null
25579 , Andorra , null
25580 , Spain , null
25581 , Belgium , null
25582 , Scottland , null
25583 , Monaco , null
25584 , Paris , null
25585 , Tours , null
25586 , ankara , null
27170 , DEUTSCHLAND , null
25588 ,  , null
25589 ,  , null
27171 , DEUTSCHLAND , null
25590 , MOZAMBIK , null
25591 , MOZAMBIK , null
25592 , Norwegan , null
25593 , Norwegan , null
25594 , Norwegan , null
25595 , Norwegan , null
25596 , Norwegan , null
25597 , Norwegan , null
25598 , Belgium , null
25599 , MOZAMBIK , null
25600 , MOZAMBIK , null
27172 , DEUTSCHLAND , null
27173 , DEUTSCHLAND , null
25587 , Pays-Bas , null
26651 , Belgium , null
26652 , Belgium , null
26653 , Belgium , null
26654 , Belgium , null
26655 , Belgium , null
26656 , Belgium , null
26657 , Ivery Coast , null
26658 , Mexico , null
26659 , France , null
26660 , Belgium , null
26661 , Ivery Coast , null
26662 , Mexico , null
26663 , France , null
26664 , Ivery Coast , null
26665 , Mexico , null
26666 , France , null
26667 , Ivery Coast , null
26668 , Mexico , null
26669 , France , null
26670 , Ivery Coast , null
26671 , Mexico , null
26672 , France , null
26673 , Ivery Coast , null
26674 , Mexico , null
26675 , France , null
26676 , FRANCE , null
26678 , ANGOLA , null
26679 , ANGOLA , null
26680 , ANGOLA , null
26681 , ANGOLA , null
26682 , ANGOLA , null
26683 , ANGOLA , null
26684 , ANGOLA , null
26685 , ANGOLA , null
26686 , ANGOLA , null
26687 , ANGOLA , null
26688 , USA , null
26689 , USA , null
26690 , USA , null
26691 , USA , null
26692 , USA , null
26693 , GREECE , null
26694 , DEUTSCHLAND , null
26695 , DEUTSCHLAND , null
26696 , DEUTSCHLAND , null
26697 , DEUTSCHLAND , null
26698 , DEUTSCHLAND , null
26699 , DEUTSCHLAND , null
26700 , DEUTSCHLAND , null
27151 , Belgium , null
26677 , HOL , null
27152 , AZTEK MAYA UYGARLIGI , null
27153 , AZTEK MAYA UYGARLIGI 2 , null
27154 , AZTEK MAYA UYGARLIGI 2 , null
27155 , MEXICO , null
27156 , MEXICO , null
27157 , MEXICO , null
27158 , Kambocya , null
27159 , Kambocya , null
27160 , Kambocya2 , null
27161 , Kambocya2 , null
27162 , Kambocya3 , null
27163 , Kambocya4 , null
27164 , Kambocya4 , null
27165 , Kambocya4 , null
27166 , Kambocya4 , null
27167 , Kambocya4 , null
27168 , Belgium , null
27169 , DEUTSCHLAND , null
25561 , Van , null
27174 , DEUTSCHLAND , null
3 , MEXICO , null
4 , GERMANY , null
5 , UNITED KINGDOM , null
1751 , TURKEY , null
1752 , ITALY , null
18901 , FRANCE , null
18902 , Hollanda , null
18904 , Almanya , null
18907 , Yunanistan , null
18908 , Yozgat , null
18909 , Belgium , null
18910 , Denmark , null
18911 , Belgium , null
18912 , Denmark , null
18913 , Yozgat , null
18914 , Yozgat , null
18915 , Belgium , null
18916 , Denmark , null
18917 , Belgium , null
18918 , Denmark , null
18919 , Belgium , null
18920 , Denmark , null
18921 , Belgium , null
18922 , Belgium , null
18923 , Belgium , null
18924 , Belgium , null
18925 , Belgium , null
18927 , Belgium , null
18928 , Denmark , null
18929 , Belgium , null
18931 , null , null
18932 , ALBANIA , null
18936 , null , null
18937 , Ivery Coast , null
18938 , Mexico , null
18940 , France , null
18941 , Finlandiya , null
18944 , Iceland , null
18945 , Gana , null
18946 , Japan , null
18947 , Poland , null
18948 , PAPUAYENIGINE , null
18949 , MADAGASKAR , null
18950 , ARGENTINA , null
22302 , DOMINIC , null
22303 , Phillipines , null
22304 , New Mexico , null
22306 , Phillipines , null
22307 , New Mexico , null
22309 , Phillipines , null
22310 , New Mexico , null
22311 , Cuba , null
22312 , Himalaya , null
22313 , Poland , null
22314 , HIMALAYALAYA , null
22315 , DOMINIC , null
22316 , Poland , null
22317 , Poland , null
22318 , HIMALAYALAYA , null
22319 , DOMINIC , null
22320 , South Korea , null
22321 , South Korea , null
22322 , South Korea , null
22323 , South Korea , null
22324 , ulkesiz , null
22325 , Sudan , null
22326 , Sudan , null
22327 , Poland , null
22328 , Russland , null
22329 , Russland , null
22330 , Russland , null
22331 , Russland , null
22332 , Sweden , null
22333 , Sweden , null
22334 , Scottland , null
22335 , Phillipines , null
22336 , New Mexico , null
22337 , Cuba , null
22338 , Himalaya , null
22339 , Porto Rico , null
22340 , Scottland , null
22341 , KENYA , null
22342 , KENYA , null
22343 , KENYA , null
22346 , KENYA , null
22347 , KENYA , null
22348 , KENYA , null
22349 , KENYA , null
22350 , KENYA , null
24101 , FRANCE , null
24102 , FRANCE , null
24103 , FRANCE , null
24104 , FRANCE , null
24105 , FRANCE , null
24106 , FRANCE , null
24107 , FRANCE , null
24108 , FRANCE , null
24109 , DOMINIC , null
24110 , ANGOLA , null
24111 , ANGOLA , null
24112 , ANGOLA , null
24113 , ANGOLA , null
24114 , ANGOLA , null
24115 , ANGOLA , null
24116 , Poland , null
24117 , Poland , null
24118 , Poland , null
24119 , Poland , null
24120 , Poland , null
24121 , ANGOLA , null
24122 , ANGOLA , null
24123 , ANGOLA , null
24124 , Poland , null
24125 , Poland , null
24126 , Poland , null
24127 , ANGOLA , null
24128 , ANGOLA , null
24129 , ANGOLA , null
24130 , ANGOLA , null
24131 , ANGOLA , null
24132 , ANGOLA , null
24133 , ANGOLA , null
24134 , ANGOLA , null
24135 , ANGOLA , null
24136 , ANGOLA , null
24137 , ANGOLA , null
24138 , ANGOLA , null
24139 , FRANCE , null
24140 , FRANCE , null
24141 , Poland , null
24142 , FRANCE , null
24143 , FRANCE , null
24144 , FRANCE , null
24145 , FRANCE , null
24146 , Poland , null
24147 , Poland , null
24148 , Poland , null
24149 , Poland , null
24150 , Poland , null
24351 , Poland , null
24352 , Poland , null
24353 , Poland , null
24354 , Poland , null
24355 , Poland , null
24356 , Poland , null
24357 , Poland , null
24358 , Kuzey Kore , null
127 , Ghana , null
567 , Ghana , null
24359 , Kuzey Kore , null
24360 , Kuzey Kore , null
24361 , Kuzey Kore , null
24362 , Kuzey Kore , null
24363 , Kuzey Kore , null
24364 , FRANCE , null
24365 , FRANCE , null
24366 , Porto Rico , null
24367 , FRANCE , null
24368 , FRANCE , null
24369 , FRANCE , null
24370 , FRANCE , null
24371 , ANGOLA , null
24372 , ANGOLA , null
24373 , ANGOLA , null
24374 , Porto Rico , null
24375 , Porto Rico , null
24376 , China , null
24377 , Malta , null
24378 , Malta , null
24379 , Malta , null
24380 , Malta , null
18903 , Tours , null
18906 , Norwegan , null
1 , TR , null
2 , BEL , null
24381 , Malta , null
24382 , Malta , null
24383 , Malta , null
24384 , Malta , null
24385 , Malta , null
24386 , Malta , null
24387 , Malta , null
24388 , Malta , null
24389 , Mongolia , null
24390 , Mongolia , null
24391 , Mongolia , null
24392 , JAPONYA , null
24394 , Kore , null
24393 , NEW_GINE , null
24395 , BELGIUM , null
24396 , NEDERLANDS , null
24397 , GREECE , null
24399 , SWITZERLAND , null
24400 , DEUTSCHLAND , null
24401 , NewCountry , null
24402 , NewCountry , null
25551 , FRANCE , null
25552 , FRANCE , null
25553 , FRANCE , null
25554 , FRANCE , null
25555 , MAKEDONYA , null
25556 , Ireland , null
25557 , Belgium , null
25558 , Belgium , null
25559 , Belgium , null
25560 , Belgium , null
25563 , DEUTSCHLAND , null
25564 , Scottland , null
25565 , Scottland , null
25566 , Malta , null
25567 , Malta , null
25568 , Malta , null
25569 , Belgium , null
25570 , VAN , null
25571 , Scottland , null
25572 , VAN , null
25573 , VAN , null
25574 , VAN , null
25575 , VAN , null
25576 , VAN , null
25577 , VAN , null
25578 , Andorra , null
25579 , Andorra , null
25580 , Spain , null
25581 , Belgium , null
25582 , Scottland , null
25583 , Monaco , null
25584 , Paris , null
25585 , Tours , null
25586 , ankara , null
27170 , DEUTSCHLAND , null
25588 ,  , null
25589 ,  , null
27171 , DEUTSCHLAND , null
25590 , MOZAMBIK , null
25591 , MOZAMBIK , null
25592 , Norwegan , null
25593 , Norwegan , null
25594 , Norwegan , null
25595 , Norwegan , null
25596 , Norwegan , null
25597 , Norwegan , null
25598 , Belgium , null
25599 , MOZAMBIK , null
25600 , MOZAMBIK , null
27172 , DEUTSCHLAND , null
27173 , DEUTSCHLAND , null
25587 , Pays-Bas , null
26651 , Belgium , null
26652 , Belgium , null
26653 , Belgium , null
26654 , Belgium , null
26655 , Belgium , null
26656 , Belgium , null
26657 , Ivery Coast , null
26658 , Mexico , null
26659 , France , null
26660 , Belgium , null
26661 , Ivery Coast , null
26662 , Mexico , null
26663 , France , null
26664 , Ivery Coast , null
26665 , Mexico , null
26666 , France , null
26667 , Ivery Coast , null
26668 , Mexico , null
26669 , France , null
26670 , Ivery Coast , null
26671 , Mexico , null
26672 , France , null
26673 , Ivery Coast , null
26674 , Mexico , null
26675 , France , null
26676 , FRANCE , null
26678 , ANGOLA , null
26679 , ANGOLA , null
26680 , ANGOLA , null
26681 , ANGOLA , null
26682 , ANGOLA , null
26683 , ANGOLA , null
26684 , ANGOLA , null
26685 , ANGOLA , null
26686 , ANGOLA , null
26687 , ANGOLA , null
26688 , USA , null
26689 , USA , null
26690 , USA , null
26691 , USA , null
26692 , USA , null
26693 , GREECE , null
26694 , DEUTSCHLAND , null
26695 , DEUTSCHLAND , null
26696 , DEUTSCHLAND , null
26697 , DEUTSCHLAND , null
26698 , DEUTSCHLAND , null
26699 , DEUTSCHLAND , null
26700 , DEUTSCHLAND , null
27151 , Belgium , null
26677 , HOL , null
27152 , AZTEK MAYA UYGARLIGI , null
27153 , AZTEK MAYA UYGARLIGI 2 , null
27154 , AZTEK MAYA UYGARLIGI 2 , null
27155 , MEXICO , null
27156 , MEXICO , null
27157 , MEXICO , null
27158 , Kambocya , null
27159 , Kambocya , null
27160 , Kambocya2 , null
27161 , Kambocya2 , null
27162 , Kambocya3 , null
27163 , Kambocya4 , null
27164 , Kambocya4 , null
27165 , Kambocya4 , null
27166 , Kambocya4 , null
27167 , Kambocya4 , null
27168 , Belgium , null
27169 , DEUTSCHLAND , null
25561 , Van , null
27174 , DEUTSCHLAND , null
3 , MEXICO , null
4 , GERMANY , null
5 , UNITED KINGDOM , null
1751 , TURKEY , null
1752 , ITALY , null
18901 , FRANCE , null
18902 , Hollanda , null
18904 , Almanya , null
18907 , Yunanistan , null
18908 , Yozgat , null
18909 , Belgium , null
18910 , Denmark , null
18911 , Belgium , null
18912 , Denmark , null
18913 , Yozgat , null
18914 , Yozgat , null
18915 , Belgium , null
18916 , Denmark , null
18917 , Belgium , null
18918 , Denmark , null
18919 , Belgium , null
18920 , Denmark , null
18921 , Belgium , null
18922 , Belgium , null
18923 , Belgium , null
18924 , Belgium , null
18925 , Belgium , null
18927 , Belgium , null
18928 , Denmark , null
18929 , Belgium , null
18931 , null , null
18932 , ALBANIA , null
18936 , null , null
18937 , Ivery Coast , null
18938 , Mexico , null
18940 , France , null
18941 , Finlandiya , null
18944 , Iceland , null
18945 , Gana , null
18946 , Japan , null
18947 , Poland , null
18948 , PAPUAYENIGINE , null
18949 , MADAGASKAR , null
18950 , ARGENTINA , null
22302 , DOMINIC , null
22303 , Phillipines , null
22304 , New Mexico , null
22306 , Phillipines , null
22307 , New Mexico , null
22309 , Phillipines , null
22310 , New Mexico , null
22311 , Cuba , null
22312 , Himalaya , null
22313 , Poland , null
22314 , HIMALAYALAYA , null
22315 , DOMINIC , null
22316 , Poland , null
22317 , Poland , null
22318 , HIMALAYALAYA , null
22319 , DOMINIC , null
22320 , South Korea , null
22321 , South Korea , null
22322 , South Korea , null
22323 , South Korea , null
22324 , ulkesiz , null
22325 , Sudan , null
22326 , Sudan , null
22327 , Poland , null
22328 , Russland , null
22329 , Russland , null
22330 , Russland , null
22331 , Russland , null
22332 , Sweden , null
22333 , Sweden , null
22334 , Scottland , null
22335 , Phillipines , null
22336 , New Mexico , null
22337 , Cuba , null
22338 , Himalaya , null
22339 , Porto Rico , null
22340 , Scottland , null
22341 , KENYA , null
22342 , KENYA , null
22343 , KENYA , null
22346 , KENYA , null
22347 , KENYA , null
22348 , KENYA , null
22349 , KENYA , null
22350 , KENYA , null
24101 , FRANCE , null
24102 , FRANCE , null
24103 , FRANCE , null
24104 , FRANCE , null
24105 , FRANCE , null
24106 , FRANCE , null
24107 , FRANCE , null
24108 , FRANCE , null
24109 , DOMINIC , null
24110 , ANGOLA , null
24111 , ANGOLA , null
24112 , ANGOLA , null
24113 , ANGOLA , null
24114 , ANGOLA , null
24115 , ANGOLA , null
24116 , Poland , null
24117 , Poland , null
24118 , Poland , null
24119 , Poland , null
24120 , Poland , null
24121 , ANGOLA , null
24122 , ANGOLA , null
24123 , ANGOLA , null
24124 , Poland , null
24125 , Poland , null
24126 , Poland , null
24127 , ANGOLA , null
24128 , ANGOLA , null
24129 , ANGOLA , null
24130 , ANGOLA , null
24131 , ANGOLA , null
24132 , ANGOLA , null
24133 , ANGOLA , null
24134 , ANGOLA , null
24135 , ANGOLA , null
24136 , ANGOLA , null
24137 , ANGOLA , null
24138 , ANGOLA , null
24139 , FRANCE , null
24140 , FRANCE , null
24141 , Poland , null
24142 , FRANCE , null
24143 , FRANCE , null
24144 , FRANCE , null
24145 , FRANCE , null
24146 , Poland , null
24147 , Poland , null
24148 , Poland , null
24149 , Poland , null
24150 , Poland , null
24351 , Poland , null
24352 , Poland , null
24353 , Poland , null
24354 , Poland , null
24355 , Poland , null
24356 , Poland , null
24357 , Poland , null
24358 , Kuzey Kore , null
127 , Ghana , null
567 , Ghana , null
24359 , Kuzey Kore , null
24360 , Kuzey Kore , null
24361 , Kuzey Kore , null
24362 , Kuzey Kore , null
24363 , Kuzey Kore , null
24364 , FRANCE , null
24365 , FRANCE , null
24366 , Porto Rico , null
24367 , FRANCE , null
24368 , FRANCE , null
24369 , FRANCE , null
24370 , FRANCE , null
24371 , ANGOLA , null
24372 , ANGOLA , null
24373 , ANGOLA , null
24374 , Porto Rico , null
24375 , Porto Rico , null
24376 , China , null
24377 , Malta , null
24378 , Malta , null
24379 , Malta , null
24380 , Malta , null
18903 , Tours , null
18906 , Norwegan , null
1 , TR , null
2 , BEL , null
24381 , Malta , null
24382 , Malta , null
24383 , Malta , null
24384 , Malta , null
24385 , Malta , null
24386 , Malta , null
24387 , Malta , null
24388 , Malta , null
24389 , Mongolia , null
24390 , Mongolia , null
24391 , Mongolia , null
24392 , JAPONYA , null
24394 , Kore , null
24393 , NEW_GINE , null
24395 , BELGIUM , null
24396 , NEDERLANDS , null
24397 , GREECE , null
24399 , SWITZERLAND , null
24400 , DEUTSCHLAND , null
24401 , NewCountry , null
24402 , NewCountry , null
25551 , FRANCE , null
25552 , FRANCE , null
25553 , FRANCE , null
25554 , FRANCE , null
25555 , MAKEDONYA , null
25556 , Ireland , null
25557 , Belgium , null
25558 , Belgium , null
25559 , Belgium , null
25560 , Belgium , null
25563 , DEUTSCHLAND , null
25564 , Scottland , null
25565 , Scottland , null
25566 , Malta , null
25567 , Malta , null
25568 , Malta , null
25569 , Belgium , null
25570 , VAN , null
25571 , Scottland , null
25572 , VAN , null
25573 , VAN , null
25574 , VAN , null
25575 , VAN , null
25576 , VAN , null
25577 , VAN , null
25578 , Andorra , null
25579 , Andorra , null
25580 , Spain , null
25581 , Belgium , null
25582 , Scottland , null
25583 , Monaco , null
25584 , Paris , null
25585 , Tours , null
25586 , ankara , null
27170 , DEUTSCHLAND , null
25588 ,  , null
25589 ,  , null
27171 , DEUTSCHLAND , null
25590 , MOZAMBIK , null
25591 , MOZAMBIK , null
25592 , Norwegan , null
25593 , Norwegan , null
25594 , Norwegan , null
25595 , Norwegan , null
25596 , Norwegan , null
25597 , Norwegan , null
25598 , Belgium , null
25599 , MOZAMBIK , null
25600 , MOZAMBIK , null
27172 , DEUTSCHLAND , null
27173 , DEUTSCHLAND , null
25587 , Pays-Bas , null
26651 , Belgium , null
26652 , Belgium , null
26653 , Belgium , null
26654 , Belgium , null
26655 , Belgium , null
26656 , Belgium , null
26657 , Ivery Coast , null
26658 , Mexico , null
26659 , France , null
26660 , Belgium , null
26661 , Ivery Coast , null
26662 , Mexico , null
26663 , France , null
26664 , Ivery Coast , null
26665 , Mexico , null
26666 , France , null
26667 , Ivery Coast , null
26668 , Mexico , null
26669 , France , null
26670 , Ivery Coast , null
26671 , Mexico , null
26672 , France , null
26673 , Ivery Coast , null
26674 , Mexico , null
26675 , France , null
26676 , FRANCE , null
26678 , ANGOLA , null
26679 , ANGOLA , null
26680 , ANGOLA , null
26681 , ANGOLA , null
26682 , ANGOLA , null
26683 , ANGOLA , null
26684 , ANGOLA , null
26685 , ANGOLA , null
26686 , ANGOLA , null
26687 , ANGOLA , null
26688 , USA , null
26689 , USA , null
26690 , USA , null
26691 , USA , null
26692 , USA , null
26693 , GREECE , null
26694 , DEUTSCHLAND , null
26695 , DEUTSCHLAND , null
26696 , DEUTSCHLAND , null
26697 , DEUTSCHLAND , null
26698 , DEUTSCHLAND , null
26699 , DEUTSCHLAND , null
26700 , DEUTSCHLAND , null
27151 , Belgium , null
26677 , HOL , null
27152 , AZTEK MAYA UYGARLIGI , null
27153 , AZTEK MAYA UYGARLIGI 2 , null
27154 , AZTEK MAYA UYGARLIGI 2 , null
27155 , MEXICO , null
27156 , MEXICO , null
27157 , MEXICO , null
27158 , Kambocya , null
27159 , Kambocya , null
27160 , Kambocya2 , null
27161 , Kambocya2 , null
27162 , Kambocya3 , null
27163 , Kambocya4 , null
27164 , Kambocya4 , null
27165 , Kambocya4 , null
27166 , Kambocya4 , null
27167 , Kambocya4 , null
27168 , Belgium , null
27169 , DEUTSCHLAND , null
25561 , Van , null
27174 , DEUTSCHLAND , null
3 , MEXICO , null
4 , GERMANY , null
5 , UNITED KINGDOM , null
1751 , TURKEY , null
1752 , ITALY , null
18901 , FRANCE , null
18902 , Hollanda , null
18904 , Almanya , null
18907 , Yunanistan , null
18908 , Yozgat , null
18909 , Belgium , null
18910 , Denmark , null
18911 , Belgium , null
18912 , Denmark , null
18913 , Yozgat , null
18914 , Yozgat , null
18915 , Belgium , null
18916 , Denmark , null
18917 , Belgium , null
18918 , Denmark , null
18919 , Belgium , null
18920 , Denmark , null
18921 , Belgium , null
18922 , Belgium , null
18923 , Belgium , null
18924 , Belgium , null
18925 , Belgium , null
18927 , Belgium , null
18928 , Denmark , null
18929 , Belgium , null
18931 , null , null
18932 , ALBANIA , null
18936 , null , null
18937 , Ivery Coast , null
18938 , Mexico , null
18940 , France , null
18941 , Finlandiya , null
18944 , Iceland , null
18945 , Gana , null
18946 , Japan , null
18947 , Poland , null
18948 , PAPUAYENIGINE , null
18949 , MADAGASKAR , null
18950 , ARGENTINA , null
22302 , DOMINIC , null
22303 , Phillipines , null
22304 , New Mexico , null
22306 , Phillipines , null
22307 , New Mexico , null
22309 , Phillipines , null
22310 , New Mexico , null
22311 , Cuba , null
22312 , Himalaya , null
22313 , Poland , null
22314 , HIMALAYALAYA , null
22315 , DOMINIC , null
22316 , Poland , null
22317 , Poland , null
22318 , HIMALAYALAYA , null
22319 , DOMINIC , null
22320 , South Korea , null
22321 , South Korea , null
22322 , South Korea , null
22323 , South Korea , null
22324 , ulkesiz , null
22325 , Sudan , null
22326 , Sudan , null
22327 , Poland , null
22328 , Russland , null
22329 , Russland , null
22330 , Russland , null
22331 , Russland , null
22332 , Sweden , null
22333 , Sweden , null
22334 , Scottland , null
22335 , Phillipines , null
22336 , New Mexico , null
22337 , Cuba , null
22338 , Himalaya , null
22339 , Porto Rico , null
22340 , Scottland , null
22341 , KENYA , null
22342 , KENYA , null
22343 , KENYA , null
22346 , KENYA , null
22347 , KENYA , null
22348 , KENYA , null
22349 , KENYA , null
22350 , KENYA , null
24101 , FRANCE , null
24102 , FRANCE , null
24103 , FRANCE , null
24104 , FRANCE , null
24105 , FRANCE , null
24106 , FRANCE , null
24107 , FRANCE , null
24108 , FRANCE , null
24109 , DOMINIC , null
24110 , ANGOLA , null
24111 , ANGOLA , null
24112 , ANGOLA , null
24113 , ANGOLA , null
24114 , ANGOLA , null
24115 , ANGOLA , null
24116 , Poland , null
24117 , Poland , null
24118 , Poland , null
24119 , Poland , null
24120 , Poland , null
24121 , ANGOLA , null
24122 , ANGOLA , null
24123 , ANGOLA , null
24124 , Poland , null
24125 , Poland , null
24126 , Poland , null
24127 , ANGOLA , null
24128 , ANGOLA , null
24129 , ANGOLA , null
24130 , ANGOLA , null
24131 , ANGOLA , null
24132 , ANGOLA , null
24133 , ANGOLA , null
24134 , ANGOLA , null
24135 , ANGOLA , null
24136 , ANGOLA , null
24137 , ANGOLA , null
24138 , ANGOLA , null
24139 , FRANCE , null
24140 , FRANCE , null
24141 , Poland , null
24142 , FRANCE , null
24143 , FRANCE , null
24144 , FRANCE , null
24145 , FRANCE , null
24146 , Poland , null
24147 , Poland , null
24148 , Poland , null
24149 , Poland , null
24150 , Poland , null
24351 , Poland , null
24352 , Poland , null
24353 , Poland , null
24354 , Poland , null
24355 , Poland , null
24356 , Poland , null
24357 , Poland , null
24358 , Kuzey Kore , null
127 , Ghana , null
567 , Ghana , null
24359 , Kuzey Kore , null
24360 , Kuzey Kore , null
24361 , Kuzey Kore , null
24362 , Kuzey Kore , null
24363 , Kuzey Kore , null
24364 , FRANCE , null
24365 , FRANCE , null
24366 , Porto Rico , null
24367 , FRANCE , null
24368 , FRANCE , null
24369 , FRANCE , null
24370 , FRANCE , null
24371 , ANGOLA , null
24372 , ANGOLA , null
24373 , ANGOLA , null
24374 , Porto Rico , null
24375 , Porto Rico , null
24376 , China , null
24377 , Malta , null
24378 , Malta , null
24379 , Malta , null
24380 , Malta , null
18903 , Tours , null
18906 , Norwegan , null
1 , TR , null
2 , BEL , null
24381 , Malta , null
24382 , Malta , null
24383 , Malta , null
24384 , Malta , null
24385 , Malta , null
24386 , Malta , null
24387 , Malta , null
24388 , Malta , null
24389 , Mongolia , null
24390 , Mongolia , null
24391 , Mongolia , null
24392 , JAPONYA , null
24394 , Kore , null
24393 , NEW_GINE , null
24395 , BELGIUM , null
24396 , NEDERLANDS , null
24397 , GREECE , null
24399 , SWITZERLAND , null
24400 , DEUTSCHLAND , null
24401 , NewCountry , null
24402 , NewCountry , null
25551 , FRANCE , null
25552 , FRANCE , null
25553 , FRANCE , null
25554 , FRANCE , null
25555 , MAKEDONYA , null
25556 , Ireland , null
25557 , Belgium , null
25558 , Belgium , null
25559 , Belgium , null
25560 , Belgium , null
25563 , DEUTSCHLAND , null
25564 , Scottland , null
25565 , Scottland , null
25566 , Malta , null
25567 , Malta , null
25568 , Malta , null
25569 , Belgium , null
25570 , VAN , null
25571 , Scottland , null
25572 , VAN , null
25573 , VAN , null
25574 , VAN , null
25575 , VAN , null
25576 , VAN , null
25577 , VAN , null
25578 , Andorra , null
25579 , Andorra , null
25580 , Spain , null
25581 , Belgium , null
25582 , Scottland , null
25583 , Monaco , null
25584 , Paris , null
25585 , Tours , null
25586 , ankara , null
27170 , DEUTSCHLAND , null
25588 ,  , null
25589 ,  , null
27171 , DEUTSCHLAND , null
25590 , MOZAMBIK , null
25591 , MOZAMBIK , null
25592 , Norwegan , null
25593 , Norwegan , null
25594 , Norwegan , null
25595 , Norwegan , null
25596 , Norwegan , null
25597 , Norwegan , null
25598 , Belgium , null
25599 , MOZAMBIK , null
25600 , MOZAMBIK , null
27172 , DEUTSCHLAND , null
27173 , DEUTSCHLAND , null
25587 , Pays-Bas , null
26651 , Belgium , null
26652 , Belgium , null
26653 , Belgium , null
26654 , Belgium , null
26655 , Belgium , null
26656 , Belgium , null
26657 , Ivery Coast , null
26658 , Mexico , null
26659 , France , null
26660 , Belgium , null
26661 , Ivery Coast , null
26662 , Mexico , null
26663 , France , null
26664 , Ivery Coast , null
26665 , Mexico , null
26666 , France , null
26667 , Ivery Coast , null
26668 , Mexico , null
26669 , France , null
26670 , Ivery Coast , null
26671 , Mexico , null
26672 , France , null
26673 , Ivery Coast , null
26674 , Mexico , null
26675 , France , null
26676 , FRANCE , null
26678 , ANGOLA , null
26679 , ANGOLA , null
26680 , ANGOLA , null
26681 , ANGOLA , null
26682 , ANGOLA , null
26683 , ANGOLA , null
26684 , ANGOLA , null
26685 , ANGOLA , null
26686 , ANGOLA , null
26687 , ANGOLA , null
26688 , USA , null
26689 , USA , null
26690 , USA , null
26691 , USA , null
26692 , USA , null
26693 , GREECE , null
26694 , DEUTSCHLAND , null
26695 , DEUTSCHLAND , null
26696 , DEUTSCHLAND , null
26697 , DEUTSCHLAND , null
26698 , DEUTSCHLAND , null
26699 , DEUTSCHLAND , null
26700 , DEUTSCHLAND , null
27151 , Belgium , null
26677 , HOL , null
27152 , AZTEK MAYA UYGARLIGI , null
27153 , AZTEK MAYA UYGARLIGI 2 , null
27154 , AZTEK MAYA UYGARLIGI 2 , null
27155 , MEXICO , null
27156 , MEXICO , null
27157 , MEXICO , null
27158 , Kambocya , null
27159 , Kambocya , null
27160 , Kambocya2 , null
27161 , Kambocya2 , null
27162 , Kambocya3 , null
27163 , Kambocya4 , null
27164 , Kambocya4 , null
27165 , Kambocya4 , null
27166 , Kambocya4 , null
27167 , Kambocya4 , null
27168 , Belgium , null
27169 , DEUTSCHLAND , null
25561 , Van , null
27174 , DEUTSCHLAND , null
3 , MEXICO , null
4 , GERMANY , null
5 , UNITED KINGDOM , null
1751 , TURKEY , null
1752 , ITALY , null
18901 , FRANCE , null
18902 , Hollanda , null
18904 , Almanya , null
18907 , Yunanistan , null
18908 , Yozgat , null
18909 , Belgium , null
18910 , Denmark , null
18911 , Belgium , null
18912 , Denmark , null
18913 , Yozgat , null
18914 , Yozgat , null
18915 , Belgium , null
18916 , Denmark , null
18917 , Belgium , null
18918 , Denmark , null
18919 , Belgium , null
18920 , Denmark , null
18921 , Belgium , null
18922 , Belgium , null
18923 , Belgium , null
18924 , Belgium , null
18925 , Belgium , null
18927 , Belgium , null
18928 , Denmark , null
18929 , Belgium , null
18931 , null , null
18932 , ALBANIA , null
18936 , null , null
18937 , Ivery Coast , null
18938 , Mexico , null
18940 , France , null
18941 , Finlandiya , null
18944 , Iceland , null
18945 , Gana , null
18946 , Japan , null
18947 , Poland , null
18948 , PAPUAYENIGINE , null
18949 , MADAGASKAR , null
18950 , ARGENTINA , null
22302 , DOMINIC , null
22303 , Phillipines , null
22304 , New Mexico , null
22306 , Phillipines , null
22307 , New Mexico , null
22309 , Phillipines , null
22310 , New Mexico , null
22311 , Cuba , null
22312 , Himalaya , null
22313 , Poland , null
22314 , HIMALAYALAYA , null
22315 , DOMINIC , null
22316 , Poland , null
22317 , Poland , null
22318 , HIMALAYALAYA , null
22319 , DOMINIC , null
22320 , South Korea , null
22321 , South Korea , null
22322 , South Korea , null
22323 , South Korea , null
22324 , ulkesiz , null
22325 , Sudan , null
22326 , Sudan , null
22327 , Poland , null
22328 , Russland , null
22329 , Russland , null
22330 , Russland , null
22331 , Russland , null
22332 , Sweden , null
22333 , Sweden , null
22334 , Scottland , null
22335 , Phillipines , null
22336 , New Mexico , null
22337 , Cuba , null
22338 , Himalaya , null
22339 , Porto Rico , null
22340 , Scottland , null
22341 , KENYA , null
22342 , KENYA , null
22343 , KENYA , null
22346 , KENYA , null
22347 , KENYA , null
22348 , KENYA , null
22349 , KENYA , null
22350 , KENYA , null
24101 , FRANCE , null
24102 , FRANCE , null
24103 , FRANCE , null
24104 , FRANCE , null
24105 , FRANCE , null
24106 , FRANCE , null
24107 , FRANCE , null
24108 , FRANCE , null
24109 , DOMINIC , null
24110 , ANGOLA , null
24111 , ANGOLA , null
24112 , ANGOLA , null
24113 , ANGOLA , null
24114 , ANGOLA , null
24115 , ANGOLA , null
24116 , Poland , null
24117 , Poland , null
24118 , Poland , null
24119 , Poland , null
24120 , Poland , null
24121 , ANGOLA , null
24122 , ANGOLA , null
24123 , ANGOLA , null
24124 , Poland , null
24125 , Poland , null
24126 , Poland , null
24127 , ANGOLA , null
24128 , ANGOLA , null
24129 , ANGOLA , null
24130 , ANGOLA , null
24131 , ANGOLA , null
24132 , ANGOLA , null
24133 , ANGOLA , null
24134 , ANGOLA , null
24135 , ANGOLA , null
24136 , ANGOLA , null
24137 , ANGOLA , null
24138 , ANGOLA , null
24139 , FRANCE , null
24140 , FRANCE , null
24141 , Poland , null
24142 , FRANCE , null
24143 , FRANCE , null
24144 , FRANCE , null
24145 , FRANCE , null
24146 , Poland , null
24147 , Poland , null
24148 , Poland , null
24149 , Poland , null
24150 , Poland , null
24351 , Poland , null
24352 , Poland , null
24353 , Poland , null
24354 , Poland , null
24355 , Poland , null
24356 , Poland , null
24357 , Poland , null
24358 , Kuzey Kore , null
127 , Ghana , null
567 , Ghana , null
24359 , Kuzey Kore , null
24360 , Kuzey Kore , null
24361 , Kuzey Kore , null
24362 , Kuzey Kore , null
24363 , Kuzey Kore , null
24364 , FRANCE , null
24365 , FRANCE , null
24366 , Porto Rico , null
24367 , FRANCE , null
24368 , FRANCE , null
24369 , FRANCE , null
24370 , FRANCE , null
24371 , ANGOLA , null
24372 , ANGOLA , null
24373 , ANGOLA , null
24374 , Porto Rico , null
24375 , Porto Rico , null
24376 , China , null
24377 , Malta , null
24378 , Malta , null
24379 , Malta , null
24380 , Malta , null
18903 , Tours , null
18906 , Norwegan , null
1 , TR , null
2 , BEL , null
24381 , Malta , null
24382 , Malta , null
24383 , Malta , null
24384 , Malta , null
24385 , Malta , null
24386 , Malta , null
24387 , Malta , null
24388 , Malta , null
24389 , Mongolia , null
24390 , Mongolia , null
24391 , Mongolia , null
24392 , JAPONYA , null
24394 , Kore , null
24393 , NEW_GINE , null
24395 , BELGIUM , null
24396 , NEDERLANDS , null
24397 , GREECE , null
24399 , SWITZERLAND , null
24400 , DEUTSCHLAND , null
24401 , NewCountry , null
24402 , NewCountry , null
25551 , FRANCE , null
25552 , FRANCE , null
25553 , FRANCE , null
25554 , FRANCE , null
25555 , MAKEDONYA , null
25556 , Ireland , null
25557 , Belgium , null
25558 , Belgium , null
25559 , Belgium , null
25560 , Belgium , null
25563 , DEUTSCHLAND , null
25564 , Scottland , null
25565 , Scottland , null
25566 , Malta , null
25567 , Malta , null
25568 , Malta , null
25569 , Belgium , null
25570 , VAN , null
25571 , Scottland , null
25572 , VAN , null
25573 , VAN , null
25574 , VAN , null
25575 , VAN , null
25576 , VAN , null
25577 , VAN , null
25578 , Andorra , null
25579 , Andorra , null
25580 , Spain , null
25581 , Belgium , null
25582 , Scottland , null
25583 , Monaco , null
25584 , Paris , null
25585 , Tours , null
25586 , ankara , null
27170 , DEUTSCHLAND , null
25588 ,  , null
25589 ,  , null
27171 , DEUTSCHLAND , null
25590 , MOZAMBIK , null
25591 , MOZAMBIK , null
25592 , Norwegan , null
25593 , Norwegan , null
25594 , Norwegan , null
25595 , Norwegan , null
25596 , Norwegan , null
25597 , Norwegan , null
25598 , Belgium , null
25599 , MOZAMBIK , null
25600 , MOZAMBIK , null
27172 , DEUTSCHLAND , null
27173 , DEUTSCHLAND , null
25587 , Pays-Bas , null
26651 , Belgium , null
26652 , Belgium , null
26653 , Belgium , null
26654 , Belgium , null
26655 , Belgium , null
26656 , Belgium , null
26657 , Ivery Coast , null
26658 , Mexico , null
26659 , France , null
26660 , Belgium , null
26661 , Ivery Coast , null
26662 , Mexico , null
26663 , France , null
26664 , Ivery Coast , null
26665 , Mexico , null
26666 , France , null
26667 , Ivery Coast , null
26668 , Mexico , null
26669 , France , null
26670 , Ivery Coast , null
26671 , Mexico , null
26672 , France , null
26673 , Ivery Coast , null
26674 , Mexico , null
26675 , France , null
26676 , FRANCE , null
26678 , ANGOLA , null
26679 , ANGOLA , null
26680 , ANGOLA , null
26681 , ANGOLA , null
26682 , ANGOLA , null
26683 , ANGOLA , null
26684 , ANGOLA , null
26685 , ANGOLA , null
26686 , ANGOLA , null
26687 , ANGOLA , null
26688 , USA , null
26689 , USA , null
26690 , USA , null
26691 , USA , null
26692 , USA , null
26693 , GREECE , null
26694 , DEUTSCHLAND , null
26695 , DEUTSCHLAND , null
26696 , DEUTSCHLAND , null
26697 , DEUTSCHLAND , null
26698 , DEUTSCHLAND , null
26699 , DEUTSCHLAND , null
26700 , DEUTSCHLAND , null
27151 , Belgium , null
26677 , HOL , null
27152 , AZTEK MAYA UYGARLIGI , null
27153 , AZTEK MAYA UYGARLIGI 2 , null
27154 , AZTEK MAYA UYGARLIGI 2 , null
27155 , MEXICO , null
27156 , MEXICO , null
27157 , MEXICO , null
27158 , Kambocya , null
27159 , Kambocya , null
27160 , Kambocya2 , null
27161 , Kambocya2 , null
27162 , Kambocya3 , null
27163 , Kambocya4 , null
27164 , Kambocya4 , null
27165 , Kambocya4 , null
27166 , Kambocya4 , null
27167 , Kambocya4 , null
27168 , Belgium , null
27169 , DEUTSCHLAND , null
25561 , Van , null
27174 , DEUTSCHLAND , null
3 , MEXICO , null
4 , GERMANY , null
5 , UNITED KINGDOM , null
1751 , TURKEY , null
1752 , ITALY , null
18901 , FRANCE , null
18902 , Hollanda , null
18904 , Almanya , null
18907 , Yunanistan , null
18908 , Yozgat , null
18909 , Belgium , null
18910 , Denmark , null
18911 , Belgium , null
18912 , Denmark , null
18913 , Yozgat , null
18914 , Yozgat , null
18915 , Belgium , null
18916 , Denmark , null
18917 , Belgium , null
18918 , Denmark , null
18919 , Belgium , null
18920 , Denmark , null
18921 , Belgium , null
18922 , Belgium , null
18923 , Belgium , null
18924 , Belgium , null
18925 , Belgium , null
18927 , Belgium , null
18928 , Denmark , null
18929 , Belgium , null
18931 , null , null
18932 , ALBANIA , null
18936 , null , null
18937 , Ivery Coast , null
18938 , Mexico , null
18940 , France , null
18941 , Finlandiya , null
18944 , Iceland , null
18945 , Gana , null
18946 , Japan , null
18947 , Poland , null
18948 , PAPUAYENIGINE , null
18949 , MADAGASKAR , null
18950 , ARGENTINA , null
22302 , DOMINIC , null
22303 , Phillipines , null
22304 , New Mexico , null
22306 , Phillipines , null
22307 , New Mexico , null
22309 , Phillipines , null
22310 , New Mexico , null
22311 , Cuba , null
22312 , Himalaya , null
22313 , Poland , null
22314 , HIMALAYALAYA , null
22315 , DOMINIC , null
22316 , Poland , null
22317 , Poland , null
22318 , HIMALAYALAYA , null
22319 , DOMINIC , null
22320 , South Korea , null
22321 , South Korea , null
22322 , South Korea , null
22323 , South Korea , null
22324 , ulkesiz , null
22325 , Sudan , null
22326 , Sudan , null
22327 , Poland , null
22328 , Russland , null
22329 , Russland , null
22330 , Russland , null
22331 , Russland , null
22332 , Sweden , null
22333 , Sweden , null
22334 , Scottland , null
22335 , Phillipines , null
22336 , New Mexico , null
22337 , Cuba , null
22338 , Himalaya , null
22339 , Porto Rico , null
22340 , Scottland , null
22341 , KENYA , null
22342 , KENYA , null
22343 , KENYA , null
22346 , KENYA , null
22347 , KENYA , null
22348 , KENYA , null
22349 , KENYA , null
22350 , KENYA , null
24101 , FRANCE , null
24102 , FRANCE , null
24103 , FRANCE , null
24104 , FRANCE , null
24105 , FRANCE , null
24106 , FRANCE , null
24107 , FRANCE , null
24108 , FRANCE , null
24109 , DOMINIC , null
24110 , ANGOLA , null
24111 , ANGOLA , null
24112 , ANGOLA , null
24113 , ANGOLA , null
24114 , ANGOLA , null
24115 , ANGOLA , null
24116 , Poland , null
24117 , Poland , null
24118 , Poland , null
24119 , Poland , null
24120 , Poland , null
24121 , ANGOLA , null
24122 , ANGOLA , null
24123 , ANGOLA , null
24124 , Poland , null
24125 , Poland , null
24126 , Poland , null
24127 , ANGOLA , null
24128 , ANGOLA , null
24129 , ANGOLA , null
24130 , ANGOLA , null
24131 , ANGOLA , null
24132 , ANGOLA , null
24133 , ANGOLA , null
24134 , ANGOLA , null
24135 , ANGOLA , null
24136 , ANGOLA , null
24137 , ANGOLA , null
24138 , ANGOLA , null
24139 , FRANCE , null
24140 , FRANCE , null
24141 , Poland , null
24142 , FRANCE , null
24143 , FRANCE , null
24144 , FRANCE , null
24145 , FRANCE , null
24146 , Poland , null
24147 , Poland , null
24148 , Poland , null
24149 , Poland , null
24150 , Poland , null
24351 , Poland , null
24352 , Poland , null
24353 , Poland , null
24354 , Poland , null
24355 , Poland , null
24356 , Poland , null
24357 , Poland , null
24358 , Kuzey Kore , null
127 , Ghana , null
567 , Ghana , null
24359 , Kuzey Kore , null
24360 , Kuzey Kore , null
24361 , Kuzey Kore , null
24362 , Kuzey Kore , null
24363 , Kuzey Kore , null
24364 , FRANCE , null
24365 , FRANCE , null
24366 , Porto Rico , null
24367 , FRANCE , null
24368 , FRANCE , null
24369 , FRANCE , null
24370 , FRANCE , null
24371 , ANGOLA , null
24372 , ANGOLA , null
24373 , ANGOLA , null
24374 , Porto Rico , null
24375 , Porto Rico , null
24376 , China , null
24377 , Malta , null
24378 , Malta , null
24379 , Malta , null
24380 , Malta , null
18903 , Tours , null
18906 , Norwegan , null
1 , TR , null
2 , BEL , null
24381 , Malta , null
24382 , Malta , null
24383 , Malta , null
24384 , Malta , null
24385 , Malta , null
24386 , Malta , null
24387 , Malta , null
24388 , Malta , null
24389 , Mongolia , null
24390 , Mongolia , null
24391 , Mongolia , null
24392 , JAPONYA , null
24394 , Kore , null
24393 , NEW_GINE , null
24395 , BELGIUM , null
24396 , NEDERLANDS , null
24397 , GREECE , null
24399 , SWITZERLAND , null
24400 , DEUTSCHLAND , null
24401 , NewCountry , null
24402 , NewCountry , null
25551 , FRANCE , null
25552 , FRANCE , null
25553 , FRANCE , null
25554 , FRANCE , null
25555 , MAKEDONYA , null
25556 , Ireland , null
25557 , Belgium , null
25558 , Belgium , null
25559 , Belgium , null
25560 , Belgium , null
25563 , DEUTSCHLAND , null
25564 , Scottland , null
25565 , Scottland , null
25566 , Malta , null
25567 , Malta , null
25568 , Malta , null
25569 , Belgium , null
25570 , VAN , null
25571 , Scottland , null
25572 , VAN , null
25573 , VAN , null
25574 , VAN , null
25575 , VAN , null
25576 , VAN , null
25577 , VAN , null
25578 , Andorra , null
25579 , Andorra , null
25580 , Spain , null
25581 , Belgium , null
25582 , Scottland , null
25583 , Monaco , null
25584 , Paris , null
25585 , Tours , null
25586 , ankara , null
27170 , DEUTSCHLAND , null
25588 ,  , null
25589 ,  , null
27171 , DEUTSCHLAND , null
25590 , MOZAMBIK , null
25591 , MOZAMBIK , null
25592 , Norwegan , null
25593 , Norwegan , null
25594 , Norwegan , null
25595 , Norwegan , null
25596 , Norwegan , null
25597 , Norwegan , null
25598 , Belgium , null
25599 , MOZAMBIK , null
25600 , MOZAMBIK , null
27172 , DEUTSCHLAND , null
27173 , DEUTSCHLAND , null
25587 , Pays-Bas , null
26651 , Belgium , null
26652 , Belgium , null
26653 , Belgium , null
26654 , Belgium , null
26655 , Belgium , null
26656 , Belgium , null
26657 , Ivery Coast , null
26658 , Mexico , null
26659 , France , null
26660 , Belgium , null
26661 , Ivery Coast , null
26662 , Mexico , null
26663 , France , null
26664 , Ivery Coast , null
26665 , Mexico , null
26666 , France , null
26667 , Ivery Coast , null
26668 , Mexico , null
26669 , France , null
26670 , Ivery Coast , null
26671 , Mexico , null
26672 , France , null
26673 , Ivery Coast , null
26674 , Mexico , null
26675 , France , null
26676 , FRANCE , null
26678 , ANGOLA , null
26679 , ANGOLA , null
26680 , ANGOLA , null
26681 , ANGOLA , null
26682 , ANGOLA , null
26683 , ANGOLA , null
26684 , ANGOLA , null
26685 , ANGOLA , null
26686 , ANGOLA , null
26687 , ANGOLA , null
26688 , USA , null
26689 , USA , null
26690 , USA , null
26691 , USA , null
26692 , USA , null
26693 , GREECE , null
26694 , DEUTSCHLAND , null
26695 , DEUTSCHLAND , null
26696 , DEUTSCHLAND , null
26697 , DEUTSCHLAND , null
26698 , DEUTSCHLAND , null
26699 , DEUTSCHLAND , null
26700 , DEUTSCHLAND , null
27151 , Belgium , null
26677 , HOL , null
27152 , AZTEK MAYA UYGARLIGI , null
27153 , AZTEK MAYA UYGARLIGI 2 , null
27154 , AZTEK MAYA UYGARLIGI 2 , null
27155 , MEXICO , null
27156 , MEXICO , null
27157 , MEXICO , null
27158 , Kambocya , null
27159 , Kambocya , null
27160 , Kambocya2 , null
27161 , Kambocya2 , null
27162 , Kambocya3 , null
27163 , Kambocya4 , null
27164 , Kambocya4 , null
27165 , Kambocya4 , null
27166 , Kambocya4 , null
27167 , Kambocya4 , null
27168 , Belgium , null
27169 , DEUTSCHLAND , null
25561 , Van , null
27174 , DEUTSCHLAND , null
27175 , Kambocyaa , null
27176 , Kambocyaa , null
3 , MEXICO , null
4 , GERMANY , null
5 , UNITED KINGDOM , null
1751 , TURKEY , null
1752 , ITALY , null
18901 , FRANCE , null
18902 , Hollanda , null
18904 , Almanya , null
18907 , Yunanistan , null
18908 , Yozgat , null
18909 , Belgium , null
18910 , Denmark , null
18911 , Belgium , null
18912 , Denmark , null
18913 , Yozgat , null
18914 , Yozgat , null
18915 , Belgium , null
18916 , Denmark , null
18917 , Belgium , null
18918 , Denmark , null
18919 , Belgium , null
18920 , Denmark , null
18921 , Belgium , null
18922 , Belgium , null
18923 , Belgium , null
18924 , Belgium , null
18925 , Belgium , null
18927 , Belgium , null
18928 , Denmark , null
18929 , Belgium , null
18931 , null , null
18932 , ALBANIA , null
18936 , null , null
18937 , Ivery Coast , null
18938 , Mexico , null
18940 , France , null
18941 , Finlandiya , null
18944 , Iceland , null
18945 , Gana , null
18946 , Japan , null
18947 , Poland , null
18948 , PAPUAYENIGINE , null
18949 , MADAGASKAR , null
18950 , ARGENTINA , null
22302 , DOMINIC , null
22303 , Phillipines , null
22304 , New Mexico , null
22306 , Phillipines , null
22307 , New Mexico , null
22309 , Phillipines , null
22310 , New Mexico , null
22311 , Cuba , null
22312 , Himalaya , null
22313 , Poland , null
22314 , HIMALAYALAYA , null
22315 , DOMINIC , null
22316 , Poland , null
22317 , Poland , null
22318 , HIMALAYALAYA , null
22319 , DOMINIC , null
22320 , South Korea , null
22321 , South Korea , null
22322 , South Korea , null
22323 , South Korea , null
22324 , ulkesiz , null
22325 , Sudan , null
22326 , Sudan , null
22327 , Poland , null
22328 , Russland , null
22329 , Russland , null
22330 , Russland , null
22331 , Russland , null
22332 , Sweden , null
22333 , Sweden , null
22334 , Scottland , null
22335 , Phillipines , null
22336 , New Mexico , null
22337 , Cuba , null
22338 , Himalaya , null
22339 , Porto Rico , null
22340 , Scottland , null
22341 , KENYA , null
22342 , KENYA , null
22343 , KENYA , null
22346 , KENYA , null
22347 , KENYA , null
22348 , KENYA , null
22349 , KENYA , null
22350 , KENYA , null
24101 , FRANCE , null
24102 , FRANCE , null
24103 , FRANCE , null
24104 , FRANCE , null
24105 , FRANCE , null
24106 , FRANCE , null
24107 , FRANCE , null
24108 , FRANCE , null
24109 , DOMINIC , null
24110 , ANGOLA , null
24111 , ANGOLA , null
24112 , ANGOLA , null
24113 , ANGOLA , null
24114 , ANGOLA , null
24115 , ANGOLA , null
24116 , Poland , null
24117 , Poland , null
24118 , Poland , null
24119 , Poland , null
24120 , Poland , null
24121 , ANGOLA , null
24122 , ANGOLA , null
24123 , ANGOLA , null
24124 , Poland , null
24125 , Poland , null
24126 , Poland , null
24127 , ANGOLA , null
24128 , ANGOLA , null
24129 , ANGOLA , null
24130 , ANGOLA , null
24131 , ANGOLA , null
24132 , ANGOLA , null
24133 , ANGOLA , null
24134 , ANGOLA , null
24135 , ANGOLA , null
24136 , ANGOLA , null
24137 , ANGOLA , null
24138 , ANGOLA , null
24139 , FRANCE , null
24140 , FRANCE , null
24141 , Poland , null
24142 , FRANCE , null
24143 , FRANCE , null
24144 , FRANCE , null
24145 , FRANCE , null
24146 , Poland , null
24147 , Poland , null
24148 , Poland , null
24149 , Poland , null
24150 , Poland , null
24351 , Poland , null
24352 , Poland , null
24353 , Poland , null
24354 , Poland , null
24355 , Poland , null
24356 , Poland , null
24357 , Poland , null
24358 , Kuzey Kore , null
127 , Ghana , null
567 , Ghana , null
24359 , Kuzey Kore , null
24360 , Kuzey Kore , null
24361 , Kuzey Kore , null
24362 , Kuzey Kore , null
24363 , Kuzey Kore , null
24364 , FRANCE , null
24365 , FRANCE , null
24366 , Porto Rico , null
24367 , FRANCE , null
24368 , FRANCE , null
24369 , FRANCE , null
24370 , FRANCE , null
24371 , ANGOLA , null
24372 , ANGOLA , null
24373 , ANGOLA , null
24374 , Porto Rico , null
24375 , Porto Rico , null
24376 , China , null
24377 , Malta , null
24378 , Malta , null
24379 , Malta , null
24380 , Malta , null
18903 , Tours , null
18906 , Norwegan , null
1 , TR , null
2 , BEL , null
24381 , Malta , null
24382 , Malta , null
24383 , Malta , null
24384 , Malta , null
24385 , Malta , null
24386 , Malta , null
24387 , Malta , null
24388 , Malta , null
24389 , Mongolia , null
24390 , Mongolia , null
24391 , Mongolia , null
24392 , JAPONYA , null
24394 , Kore , null
24393 , NEW_GINE , null
24395 , BELGIUM , null
24396 , NEDERLANDS , null
24397 , GREECE , null
24399 , SWITZERLAND , null
24400 , DEUTSCHLAND , null
24401 , NewCountry , null
24402 , NewCountry , null
25551 , FRANCE , null
25552 , FRANCE , null
25553 , FRANCE , null
25554 , FRANCE , null
25555 , MAKEDONYA , null
25556 , Ireland , null
25557 , Belgium , null
25558 , Belgium , null
25559 , Belgium , null
25560 , Belgium , null
25563 , DEUTSCHLAND , null
25564 , Scottland , null
25565 , Scottland , null
25566 , Malta , null
25567 , Malta , null
25568 , Malta , null
25569 , Belgium , null
25570 , VAN , null
25571 , Scottland , null
25572 , VAN , null
25573 , VAN , null
25574 , VAN , null
25575 , VAN , null
25576 , VAN , null
25577 , VAN , null
25578 , Andorra , null
25579 , Andorra , null
25580 , Spain , null
25581 , Belgium , null
25582 , Scottland , null
25583 , Monaco , null
25584 , Paris , null
25585 , Tours , null
25586 , ankara , null
27170 , DEUTSCHLAND , null
25588 ,  , null
25589 ,  , null
27171 , DEUTSCHLAND , null
25590 , MOZAMBIK , null
25591 , MOZAMBIK , null
25592 , Norwegan , null
25593 , Norwegan , null
25594 , Norwegan , null
25595 , Norwegan , null
25596 , Norwegan , null
25597 , Norwegan , null
25598 , Belgium , null
25599 , MOZAMBIK , null
25600 , MOZAMBIK , null
27172 , DEUTSCHLAND , null
27173 , DEUTSCHLAND , null
25587 , Pays-Bas , null
26651 , Belgium , null
26652 , Belgium , null
26653 , Belgium , null
26654 , Belgium , null
26655 , Belgium , null
26656 , Belgium , null
26657 , Ivery Coast , null
26658 , Mexico , null
26659 , France , null
26660 , Belgium , null
26661 , Ivery Coast , null
26662 , Mexico , null
26663 , France , null
26664 , Ivery Coast , null
26665 , Mexico , null
26666 , France , null
26667 , Ivery Coast , null
26668 , Mexico , null
26669 , France , null
26670 , Ivery Coast , null
26671 , Mexico , null
26672 , France , null
26673 , Ivery Coast , null
26674 , Mexico , null
26675 , France , null
26676 , FRANCE , null
26678 , ANGOLA , null
26679 , ANGOLA , null
26680 , ANGOLA , null
26681 , ANGOLA , null
26682 , ANGOLA , null
26683 , ANGOLA , null
26684 , ANGOLA , null
26685 , ANGOLA , null
26686 , ANGOLA , null
26687 , ANGOLA , null
26688 , USA , null
26689 , USA , null
26690 , USA , null
26691 , USA , null
26692 , USA , null
26693 , GREECE , null
26694 , DEUTSCHLAND , null
26695 , DEUTSCHLAND , null
26696 , DEUTSCHLAND , null
26697 , DEUTSCHLAND , null
26698 , DEUTSCHLAND , null
26699 , DEUTSCHLAND , null
26700 , DEUTSCHLAND , null
27151 , Belgium , null
26677 , HOL , null
27152 , AZTEK MAYA UYGARLIGI , null
27153 , AZTEK MAYA UYGARLIGI 2 , null
27154 , AZTEK MAYA UYGARLIGI 2 , null
27155 , MEXICO , null
27156 , MEXICO , null
27157 , MEXICO , null
27158 , Kambocya , null
27159 , Kambocya , null
27160 , Kambocya2 , null
27161 , Kambocya2 , null
27162 , Kambocya3 , null
27163 , Kambocya4 , null
27164 , Kambocya4 , null
27165 , Kambocya4 , null
27166 , Kambocya4 , null
27167 , Kambocya4 , null
27168 , Belgium , null
27169 , DEUTSCHLAND , null
25561 , Van , null
27174 , DEUTSCHLAND , null
27175 , Kambocyaa , null
27176 , Kambocyaa , null
27177 , Kambocyaa , null
27178 , Kambocyaa , null
27179 , Belgium , null
27180 , Belgium , null
27181 , Kambocya , null
27182 , Kambocya , null
27183 , Tanzania , null
